Sum,Crema,Ravdess,Savee,Tess
0.5554083885209713,0.45735392881128273,0.5377358490566038,0.45735392881128273,0.8645833333333334
