Sum,Crema,Ravdess,Savee,Tess
0.5350993377483444,0.46474143720617866,0.5188679245283019,0.46474143720617866,0.75625
