Sum,Crema,Ravdess,Savee,Tess
0.5037527593818985,0.40698455339153794,0.4858490566037736,0.40698455339153794,0.8
