Sum,Crema,Ravdess,Savee,Tess
0.447682119205298,0.3794492948287441,0.32547169811320753,0.3794492948287441,0.6958333333333333
