Sum,Crema,Ravdess,Savee,Tess
0.5289183222958057,0.4076561450638012,0.5424528301886793,0.4076561450638012,0.8854166666666666
