Sum,Crema,Ravdess,Savee,Tess
0.5359823399558499,0.46809939556749497,0.44339622641509435,0.46809939556749497,0.8020833333333334
