Sum,Crema,Ravdess,Savee,Tess
0.35275938189845474,0.33579583613163194,0.2971698113207547,0.33579583613163194,0.42916666666666664
