Sum,Crema,Ravdess,Savee,Tess
0.41721854304635764,0.3875083948959033,0.2830188679245283,0.3875083948959033,0.5604166666666667
