Sum,Crema,Ravdess,Savee,Tess
0.5200883002207506,0.45332437877770315,0.44339622641509435,0.45332437877770315,0.7520833333333333
