Sum,Crema,Ravdess,Savee,Tess
0.5245033112582781,0.42243116185359303,0.4386792452830189,0.42243116185359303,0.8625
