Sum,Crema,Ravdess,Savee,Tess
0.4763796909492274,0.37206178643384824,0.4339622641509434,0.37206178643384824,0.8083333333333333
