Sum,Crema,Ravdess,Savee,Tess
0.5112582781456954,0.42511752854264606,0.36792452830188677,0.42511752854264606,0.83125
