Sum,Crema,Ravdess,Savee,Tess
0.43399558498896246,0.3653458697112156,0.3113207547169811,0.3653458697112156,0.69375
