Sum,Crema,Ravdess,Savee,Tess
0.4975717439293598,0.43787777031564806,0.39622641509433965,0.43787777031564806,0.7208333333333333
