Sum,Crema,Ravdess,Savee,Tess
0.5143487858719646,0.45332437877770315,0.419811320754717,0.45332437877770315,0.75
