Sum,Crema,Ravdess,Savee,Tess
0.3456953642384106,0.3404969778374748,0.25943396226415094,0.3404969778374748,0.4083333333333333
